"HITId","HITTypeId","Title","Description","Keywords","Reward","CreationTime","MaxAssignments","RequesterAnnotation","AssignmentDurationInSeconds","AutoApprovalDelayInSeconds","Expiration","NumberOfSimilarHITs","LifetimeInSeconds","AssignmentId","WorkerId","AssignmentStatus","AcceptTime","SubmitTime","AutoApprovalTime","ApprovalTime","RejectionTime","RequesterFeedback","WorkTimeInSeconds","LifetimeApprovalRate","Last30DaysApprovalRate","Last7DaysApprovalRate","Input.method","Input.config","Input.source_type","Input.source","Input.target","Input.s_orig","Input.p_orig","Input.o_orig","Input.s","Input.p","Input.o","Input.s_name","Input.p_name","Input.o_name","Input.ver_num","Input.ver_code","Input.s_orig_name","Input.p_orig_name","Input.o_orig_name","Answer.code","Answer.comment","Answer.mistakeSource.artificial","Answer.mistakeSource.correct","Answer.mistakeSource.human","Answer.stars","Approve","Reject"
"3S1L4CQSFX5U7YL4MC6H0I1FVVEAFY","3KBQBQZF89BQO3IGU773XS79F4HPAN","Movie data quality rating","You see statements about movies and their industry context and have to rate how correct they are","movies, films, actors, correctness, rate, easy, survey, quick, brief","$0.00","Tue Jan 12 10:25:02 PST 2021","3","BatchId:305480;OriginalHitTemplateId:921587278;","5400","432000","Tue Jan 19 10:25:02 PST 2021","","","3ZOTGHDK5IBVZRIKSHG0XWZF9LGOSZ","A1LGQEL2Z68DBP","Submitted","Wed Jan 13 07:19:08 PST 2021","Wed Jan 13 07:20:03 PST 2021","Mon Jan 18 07:20:03 PST 2021","","","","55","0% (0/0)","0% (0/0)","0% (0/0)","random","{'amount': {'num': 5}}","node","http://dbpedia.org/resource/Robert_Cary_(director)","http://dbpedia.org/resource/Alvin_and_the_Chipmunks:_Chipwrecked","http://dbpedia.org/resource/Save_Me_(2007_film)","http://dbpedia.org/ontology/director","http://dbpedia.org/resource/Robert_Cary_(director)","http://dbpedia.org/resource/Save_Me_(2007_film)","http://dbpedia.org/ontology/director","http://dbpedia.org/resource/Alvin_and_the_Chipmunks:_Chipwrecked","Save Me (2007 film)","director","Alvin and the Chipmunks: Chipwrecked","2-3-4","ari","Save Me (2007 film)","director","Robert Cary (director)","ari","False director","true","false","false","1.5"
"3X52SWXE0X5KBZ4XWFC8A1D3Q1PCW0","3KBQBQZF89BQO3IGU773XS79F4HPAN","Movie data quality rating","You see statements about movies and their industry context and have to rate how correct they are","movies, films, actors, correctness, rate, easy, survey, quick, brief","$0.00","Tue Jan 12 10:25:02 PST 2021","3","BatchId:305480;OriginalHitTemplateId:921587278;","5400","432000","Tue Jan 19 10:25:02 PST 2021","","","34Z02EIMISDBBA3GFWJFH0ZJD1F0TB","A1LGQEL2Z68DBP","Submitted","Wed Jan 13 07:43:14 PST 2021","Wed Jan 13 07:43:39 PST 2021","Mon Jan 18 07:43:39 PST 2021","","","","25","0% (0/0)","0% (0/0)","0% (0/0)","random","{'amount': {'num': 5}}","node","http://dbpedia.org/resource/Andorra_(film)","http://dbpedia.org/resource/Umberto_Lenzi","http://dbpedia.org/resource/Andorra_(film)","http://dbpedia.org/ontology/director","http://dbpedia.org/resource/Fred_Schepisi","http://dbpedia.org/resource/Umberto_Lenzi","http://dbpedia.org/ontology/director","http://dbpedia.org/resource/Fred_Schepisi","Umberto Lenzi","director","Fred Schepisi","2-4-3","mee","Andorra (film)","director","Fred Schepisi","mee","Is possible","false","false","true","4.5"
"3RWSQDNYL9MP3P2CXSS9EJC6SBRFFG","3KBQBQZF89BQO3IGU773XS79F4HPAN","Movie data quality rating","You see statements about movies and their industry context and have to rate how correct they are","movies, films, actors, correctness, rate, easy, survey, quick, brief","$0.00","Tue Jan 12 10:25:02 PST 2021","3","BatchId:305480;OriginalHitTemplateId:921587278;","5400","432000","Tue Jan 19 10:25:02 PST 2021","","","3I2PTA7R3TU0WKIS2LZ2VF357SLQKS","A1LGQEL2Z68DBP","Submitted","Wed Jan 13 07:50:25 PST 2021","Wed Jan 13 07:50:57 PST 2021","Mon Jan 18 07:50:57 PST 2021","","","","32","0% (0/0)","0% (0/0)","0% (0/0)","random","{'amount': {'num': 5}}","node","http://dbpedia.org/resource/Eric_%22Roach%22_Denis","http://dbpedia.org/resource/Manivannan","http://dbpedia.org/resource/RoachTrip","http://dbpedia.org/ontology/starring","http://dbpedia.org/resource/Eric_%22Roach%22_Denis","http://dbpedia.org/resource/RoachTrip","http://dbpedia.org/ontology/starring","http://dbpedia.org/resource/Manivannan","RoachTrip","starring","Manivannan","4-3-3","can","RoachTrip","starring","Eric %22Roach%22 Denis","can","No name","true","false","false","1"
"3HYV4299H0WOIWSTU32XM9AKT6Z8EA","3KBQBQZF89BQO3IGU773XS79F4HPAN","Movie data quality rating","You see statements about movies and their industry context and have to rate how correct they are","movies, films, actors, correctness, rate, easy, survey, quick, brief","$0.00","Tue Jan 12 10:25:03 PST 2021","3","BatchId:305480;OriginalHitTemplateId:921587278;","5400","432000","Tue Jan 19 10:25:03 PST 2021","","","3I0BTBYZAXL7SW2AP26EPHRYS3WY0X","A1LGQEL2Z68DBP","Submitted","Wed Jan 13 07:12:26 PST 2021","Wed Jan 13 07:13:22 PST 2021","Mon Jan 18 07:13:22 PST 2021","","","","56","0% (0/0)","0% (0/0)","0% (0/0)","random","{'amount': {'num': 5}}","node","http://dbpedia.org/resource/Je_te_mangerais","http://dbpedia.org/resource/The_British_Invasion_(Dexter)","http://dbpedia.org/resource/Je_te_mangerais","http://dbpedia.org/ontology/writer","http://dbpedia.org/resource/Sophie_Laloy","http://dbpedia.org/resource/The_British_Invasion_(Dexter)","http://dbpedia.org/ontology/writer","http://dbpedia.org/resource/Sophie_Laloy","The British Invasion (Dexter)","writer","Sophie Laloy","3-2-1","erS","Je te mangerais","writer","Sophie Laloy","erS","False first entry","false","false","true","3.5"
"33NKDW9FFXIZ0Z9N6K8UCKRAZ3VCXT","3KBQBQZF89BQO3IGU773XS79F4HPAN","Movie data quality rating","You see statements about movies and their industry context and have to rate how correct they are","movies, films, actors, correctness, rate, easy, survey, quick, brief","$0.00","Tue Jan 12 10:25:03 PST 2021","3","BatchId:305480;OriginalHitTemplateId:921587278;","5400","432000","Tue Jan 19 10:25:03 PST 2021","","","3KJYX6QCM9BXQ88R6ZT00N209V0VJS","A1LGQEL2Z68DBP","Submitted","Wed Jan 13 07:22:30 PST 2021","Wed Jan 13 07:23:06 PST 2021","Mon Jan 18 07:23:06 PST 2021","","","","36","0% (0/0)","0% (0/0)","0% (0/0)","random","{'amount': {'num': 5}}","node","http://dbpedia.org/resource/Hughes_brothers","http://dbpedia.org/resource/Enrique_Urbizu","http://dbpedia.org/resource/The_Book_of_Eli","http://dbpedia.org/ontology/director","http://dbpedia.org/resource/Hughes_brothers","http://dbpedia.org/resource/The_Book_of_Eli","http://dbpedia.org/ontology/director","http://dbpedia.org/resource/Enrique_Urbizu","The Book of Eli","director","Enrique Urbizu","1-1-3","Tdr","The Book of Eli","director","Hughes brothers","Tdr","False director","true","false","false","2"
"3L55D8AUFAXO04ZXBGUWVYYJ19PCYZ","3KBQBQZF89BQO3IGU773XS79F4HPAN","Movie data quality rating","You see statements about movies and their industry context and have to rate how correct they are","movies, films, actors, correctness, rate, easy, survey, quick, brief","$0.00","Tue Jan 12 10:25:03 PST 2021","3","BatchId:305480;OriginalHitTemplateId:921587278;","5400","432000","Tue Jan 19 10:25:03 PST 2021","","","30JNVC0OR9K9UUHKW0W5INNDFBHQHO","A1LGQEL2Z68DBP","Submitted","Wed Jan 13 07:48:03 PST 2021","Wed Jan 13 07:48:26 PST 2021","Mon Jan 18 07:48:26 PST 2021","","","","23","0% (0/0)","0% (0/0)","0% (0/0)","dist","{'amount': {'num': 5}, 'param': {'dist': 1}}","node","http://dbpedia.org/resource/Robert_Cary_(director)","http://dbpedia.org/resource/Robert_Duvall","http://dbpedia.org/resource/Save_Me_(2007_film)","http://dbpedia.org/ontology/director","http://dbpedia.org/resource/Robert_Cary_(director)","http://dbpedia.org/resource/Save_Me_(2007_film)","http://dbpedia.org/ontology/director","http://dbpedia.org/resource/Robert_Duvall","Save Me (2007 film)","director","Robert Duvall","3-2-2","vio","Save Me (2007 film)","director","Robert Cary (director)","vio","Same first name","false","false","true","4"
"33Q5P9PUSPMO5U9272WF957L73TCZQ","3KBQBQZF89BQO3IGU773XS79F4HPAN","Movie data quality rating","You see statements about movies and their industry context and have to rate how correct they are","movies, films, actors, correctness, rate, easy, survey, quick, brief","$0.00","Tue Jan 12 10:25:03 PST 2021","3","BatchId:305480;OriginalHitTemplateId:921587278;","5400","432000","Tue Jan 19 10:25:03 PST 2021","","","3300DTYQT2HXAKQI6ZOZXKQ0NVPQE8","A1LGQEL2Z68DBP","Submitted","Wed Jan 13 07:38:50 PST 2021","Wed Jan 13 07:39:18 PST 2021","Mon Jan 18 07:39:18 PST 2021","","","","28","0% (0/0)","0% (0/0)","0% (0/0)","dist","{'amount': {'num': 5}, 'param': {'dist': 1}}","node","http://dbpedia.org/resource/Andorra_(film)","http://dbpedia.org/resource/Manuel_Martín_Cuenca","http://dbpedia.org/resource/Andorra_(film)","http://dbpedia.org/ontology/director","http://dbpedia.org/resource/Fred_Schepisi","http://dbpedia.org/resource/Manuel_Martín_Cuenca","http://dbpedia.org/ontology/director","http://dbpedia.org/resource/Fred_Schepisi","Manuel Martín Cuenca","director","Fred Schepisi","4-1-4","udd","Andorra (film)","director","Fred Schepisi","uMn","Is possible","false","false","true","4.5"
"3DA79LNS59V46I4K8HWWUE2AGUU3T3","3KBQBQZF89BQO3IGU773XS79F4HPAN","Movie data quality rating","You see statements about movies and their industry context and have to rate how correct they are","movies, films, actors, correctness, rate, easy, survey, quick, brief","$0.00","Tue Jan 12 10:25:03 PST 2021","3","BatchId:305480;OriginalHitTemplateId:921587278;","5400","432000","Tue Jan 19 10:25:03 PST 2021","","","3J88R45B2GYLG8GK1RZ2L4LXY5EPXP","A1LGQEL2Z68DBP","Submitted","Wed Jan 13 07:15:16 PST 2021","Wed Jan 13 07:15:59 PST 2021","Mon Jan 18 07:15:59 PST 2021","","","","43","0% (0/0)","0% (0/0)","0% (0/0)","dist","{'amount': {'num': 5}, 'param': {'dist': 1}}","node","http://dbpedia.org/resource/Eric_%22Roach%22_Denis","http://dbpedia.org/resource/Denis_Sanders","http://dbpedia.org/resource/RoachTrip","http://dbpedia.org/ontology/starring","http://dbpedia.org/resource/Eric_%22Roach%22_Denis","http://dbpedia.org/resource/RoachTrip","http://dbpedia.org/ontology/starring","http://dbpedia.org/resource/Denis_Sanders","RoachTrip","starring","Denis Sanders","4-3-3","can","RoachTrip","starring","Eric %22Roach%22 Denis","can","Could be possible","false","false","true","4.5"
"3ZUE82NE0A1GOASPPEM34RVK57E8FS","3KBQBQZF89BQO3IGU773XS79F4HPAN","Movie data quality rating","You see statements about movies and their industry context and have to rate how correct they are","movies, films, actors, correctness, rate, easy, survey, quick, brief","$0.00","Tue Jan 12 10:25:03 PST 2021","3","BatchId:305480;OriginalHitTemplateId:921587278;","5400","432000","Tue Jan 19 10:25:03 PST 2021","","","37Z929RLG98BCJNSOY2ZR6528TXSTP","A1LGQEL2Z68DBP","Submitted","Wed Jan 13 07:41:15 PST 2021","Wed Jan 13 07:41:51 PST 2021","Mon Jan 18 07:41:51 PST 2021","","","","36","0% (0/0)","0% (0/0)","0% (0/0)","dist","{'amount': {'num': 5}, 'param': {'dist': 1}}","node","http://dbpedia.org/resource/Je_te_mangerais","http://dbpedia.org/resource/Je_me_souviens_(2009_film)","http://dbpedia.org/resource/Je_te_mangerais","http://dbpedia.org/ontology/writer","http://dbpedia.org/resource/Sophie_Laloy","http://dbpedia.org/resource/Je_me_souviens_(2009_film)","http://dbpedia.org/ontology/writer","http://dbpedia.org/resource/Sophie_Laloy","Je me souviens (2009 film)","writer","Sophie Laloy","4-2-4","mrh","Je te mangerais","writer","Sophie Laloy","mrh","Is possible","false","false","true","4.5"
"3J5XXLQDHMBJJA89DCWBVWQVDFA3VJ","3KBQBQZF89BQO3IGU773XS79F4HPAN","Movie data quality rating","You see statements about movies and their industry context and have to rate how correct they are","movies, films, actors, correctness, rate, easy, survey, quick, brief","$0.00","Tue Jan 12 10:25:05 PST 2021","3","BatchId:305480;OriginalHitTemplateId:921587278;","5400","432000","Tue Jan 19 10:25:05 PST 2021","","","3N8OEVH1FRQG1ZQRL0ZRDRPECWDOO2","A1LGQEL2Z68DBP","Submitted","Wed Jan 13 07:14:31 PST 2021","Wed Jan 13 07:15:16 PST 2021","Mon Jan 18 07:15:16 PST 2021","","","","45","0% (0/0)","0% (0/0)","0% (0/0)","dist","{'amount': {'num': 5}, 'param': {'dist': 1}}","node","http://dbpedia.org/resource/Hughes_brothers","http://dbpedia.org/resource/Three_Brothers_(1944_film)","http://dbpedia.org/resource/The_Book_of_Eli","http://dbpedia.org/ontology/director","http://dbpedia.org/resource/Hughes_brothers","http://dbpedia.org/resource/The_Book_of_Eli","http://dbpedia.org/ontology/director","http://dbpedia.org/resource/Three_Brothers_(1944_film)","The Book of Eli","director","Three Brothers (1944 film)","1-1-1","TdT","The Book of Eli","director","Hughes brothers","TdT","Movie can't be director","true","false","false","1"
"33BFF6QPI1BWYZ8E3M17HY99KOC3WT","3KBQBQZF89BQO3IGU773XS79F4HPAN","Movie data quality rating","You see statements about movies and their industry context and have to rate how correct they are","movies, films, actors, correctness, rate, easy, survey, quick, brief","$0.00","Tue Jan 12 10:25:05 PST 2021","3","BatchId:305480;OriginalHitTemplateId:921587278;","5400","432000","Tue Jan 19 10:25:05 PST 2021","","","3ATPCQ38J8A3T90SH437EN3B1P8YAO","A1LGQEL2Z68DBP","Submitted","Wed Jan 13 07:44:44 PST 2021","Wed Jan 13 07:45:11 PST 2021","Mon Jan 18 07:45:11 PST 2021","","","","27","0% (0/0)","0% (0/0)","0% (0/0)","dist","{'amount': {'num': 5}, 'param': {'dist': 2}}","node","http://dbpedia.org/resource/Robert_Cary_(director)","http://dbpedia.org/resource/Robert_Harmon","http://dbpedia.org/resource/Save_Me_(2007_film)","http://dbpedia.org/ontology/director","http://dbpedia.org/resource/Robert_Cary_(director)","http://dbpedia.org/resource/Save_Me_(2007_film)","http://dbpedia.org/ontology/director","http://dbpedia.org/resource/Robert_Harmon","Save Me (2007 film)","director","Robert Harmon","1-1-1","SdR","Save Me (2007 film)","director","Robert Cary (director)","SdR","Same first name","false","false","true","4"
"3OKP4QVBP2X0LYHZXWCZI31RWAEAGX","3KBQBQZF89BQO3IGU773XS79F4HPAN","Movie data quality rating","You see statements about movies and their industry context and have to rate how correct they are","movies, films, actors, correctness, rate, easy, survey, quick, brief","$0.00","Tue Jan 12 10:25:05 PST 2021","3","BatchId:305480;OriginalHitTemplateId:921587278;","5400","432000","Tue Jan 19 10:25:05 PST 2021","","","3HMIGG0U4L6PAL7DK6JTIWXGB18Y8K","A1LGQEL2Z68DBP","Submitted","Wed Jan 13 07:40:46 PST 2021","Wed Jan 13 07:41:15 PST 2021","Mon Jan 18 07:41:15 PST 2021","","","","29","0% (0/0)","0% (0/0)","0% (0/0)","dist","{'amount': {'num': 5}, 'param': {'dist': 2}}","node","http://dbpedia.org/resource/Andorra_(film)","http://dbpedia.org/resource/Universidad_Nacional_de_Colombia","http://dbpedia.org/resource/Andorra_(film)","http://dbpedia.org/ontology/director","http://dbpedia.org/resource/Fred_Schepisi","http://dbpedia.org/resource/Universidad_Nacional_de_Colombia","http://dbpedia.org/ontology/director","http://dbpedia.org/resource/Fred_Schepisi","Universidad Nacional de Colombia","director","Fred Schepisi","3-1-2","idr","Andorra (film)","director","Fred Schepisi","idr","Is possible","false","false","true","4.5"
"39TX062QX1OBNZD4DRXTJHNGTQI3XM","3KBQBQZF89BQO3IGU773XS79F4HPAN","Movie data quality rating","You see statements about movies and their industry context and have to rate how correct they are","movies, films, actors, correctness, rate, easy, survey, quick, brief","$0.00","Tue Jan 12 10:25:05 PST 2021","3","BatchId:305480;OriginalHitTemplateId:921587278;","5400","432000","Tue Jan 19 10:25:05 PST 2021","","","3LS2AMNW5FQJMB370DRV2WKERXVQOC","A1LGQEL2Z68DBP","Submitted","Wed Jan 13 07:52:51 PST 2021","Wed Jan 13 07:53:18 PST 2021","Mon Jan 18 07:53:18 PST 2021","","","","27","0% (0/0)","0% (0/0)","0% (0/0)","dist","{'amount': {'num': 5}, 'param': {'dist': 2}}","node","http://dbpedia.org/resource/Eric_%22Roach%22_Denis","http://dbpedia.org/resource/Eric_Stuart","http://dbpedia.org/resource/RoachTrip","http://dbpedia.org/ontology/director","http://dbpedia.org/resource/Eric_%22Roach%22_Denis","http://dbpedia.org/resource/RoachTrip","http://dbpedia.org/ontology/director","http://dbpedia.org/resource/Eric_Stuart","RoachTrip","director","Eric Stuart","2-3-2","orr","RoachTrip","director","Eric %22Roach%22 Denis","orr","Same first name","false","false","true","4"
"3N5YJ55YXG36VQYLK0PU8NAOXM0AN5","3KBQBQZF89BQO3IGU773XS79F4HPAN","Movie data quality rating","You see statements about movies and their industry context and have to rate how correct they are","movies, films, actors, correctness, rate, easy, survey, quick, brief","$0.00","Tue Jan 12 10:25:28 PST 2021","3","BatchId:305480;OriginalHitTemplateId:921587278;","5400","432000","Tue Jan 19 10:25:28 PST 2021","","","3ITXP059PWJHYGRNC4OVP0ITAR6SJK","A1LGQEL2Z68DBP","Submitted","Wed Jan 13 07:15:59 PST 2021","Wed Jan 13 07:17:30 PST 2021","Mon Jan 18 07:17:30 PST 2021","","","","91","0% (0/0)","0% (0/0)","0% (0/0)","dist","{'amount': {'num': 5}, 'param': {'dist': 2}}","node","http://dbpedia.org/resource/Je_te_mangerais","http://dbpedia.org/resource/Sa_Re_Ga_Ma_Pa_Marathi_L'il_Champs","http://dbpedia.org/resource/Je_te_mangerais","http://dbpedia.org/ontology/writer","http://dbpedia.org/resource/Sophie_Laloy","http://dbpedia.org/resource/Sa_Re_Ga_Ma_Pa_Marathi_L'il_Champs","http://dbpedia.org/ontology/writer","http://dbpedia.org/resource/Sophie_Laloy","Sa Re Ga Ma Pa Marathi L'il Champs","writer","Sophie Laloy","2-3-1","aiS","Je te mangerais","writer","Sophie Laloy","aiS","Is possible","false","false","true","4"
"38O9DZ0A62N9J2XP84AY0U54Q8J62K","3KBQBQZF89BQO3IGU773XS79F4HPAN","Movie data quality rating","You see statements about movies and their industry context and have to rate how correct they are","movies, films, actors, correctness, rate, easy, survey, quick, brief","$0.00","Tue Jan 12 10:25:05 PST 2021","3","BatchId:305480;OriginalHitTemplateId:921587278;","5400","432000","Tue Jan 19 10:25:05 PST 2021","","","3X0H8UUIT1O340RMJ37AEQC1CNFSWF","A1LGQEL2Z68DBP","Submitted","Wed Jan 13 07:48:27 PST 2021","Wed Jan 13 07:49:08 PST 2021","Mon Jan 18 07:49:08 PST 2021","","","","41","0% (0/0)","0% (0/0)","0% (0/0)","dist","{'amount': {'num': 5}, 'param': {'dist': 2}}","node","http://dbpedia.org/resource/Hughes_brothers","http://dbpedia.org/resource/Three_Brothers_(1981_film)","http://dbpedia.org/resource/The_Book_of_Eli","http://dbpedia.org/ontology/director","http://dbpedia.org/resource/Hughes_brothers","http://dbpedia.org/resource/The_Book_of_Eli","http://dbpedia.org/ontology/director","http://dbpedia.org/resource/Three_Brothers_(1981_film)","The Book of Eli","director","Three Brothers (1981 film)","3-2-2","eih","The Book of Eli","director","Hughes brothers","eih","Movie cant be director","true","false","false","1"
"3FI30CQHVKJ37FXLRX391N88KEW6BM","3KBQBQZF89BQO3IGU773XS79F4HPAN","Movie data quality rating","You see statements about movies and their industry context and have to rate how correct they are","movies, films, actors, correctness, rate, easy, survey, quick, brief","$0.00","Tue Jan 12 10:25:28 PST 2021","3","BatchId:305480;OriginalHitTemplateId:921587278;","5400","432000","Tue Jan 19 10:25:28 PST 2021","","","34Q075JO1XDA2QR7DDZ5BUGOLIO103","A1LGQEL2Z68DBP","Submitted","Wed Jan 13 07:53:46 PST 2021","Wed Jan 13 07:54:14 PST 2021","Mon Jan 18 07:54:14 PST 2021","","","","28","0% (0/0)","0% (0/0)","0% (0/0)","dist","{'amount': {'num': 5}, 'param': {'dist': 3}}","node","http://dbpedia.org/resource/Robert_Cary_(director)","http://dbpedia.org/resource/Robert_Guédiguian","http://dbpedia.org/resource/Save_Me_(2007_film)","http://dbpedia.org/ontology/director","http://dbpedia.org/resource/Robert_Cary_(director)","http://dbpedia.org/resource/Save_Me_(2007_film)","http://dbpedia.org/ontology/director","http://dbpedia.org/resource/Robert_Guédiguian","Save Me (2007 film)","director","Robert Guédiguian","1-1-3","Sdb","Save Me (2007 film)","director","Robert Cary (director)","Sdb","Same first name","false","false","true","4"
"37OPIVELUU3ELUCAH2UH33DSBARAHW","3KBQBQZF89BQO3IGU773XS79F4HPAN","Movie data quality rating","You see statements about movies and their industry context and have to rate how correct they are","movies, films, actors, correctness, rate, easy, survey, quick, brief","$0.00","Tue Jan 12 10:25:06 PST 2021","3","BatchId:305480;OriginalHitTemplateId:921587278;","5400","432000","Tue Jan 19 10:25:06 PST 2021","","","33TIN5LC04APOQQNPYP7ISSRV7QY99","A1LGQEL2Z68DBP","Submitted","Wed Jan 13 07:43:39 PST 2021","Wed Jan 13 07:44:12 PST 2021","Mon Jan 18 07:44:12 PST 2021","","","","33","0% (0/0)","0% (0/0)","0% (0/0)","dist","{'amount': {'num': 5}, 'param': {'dist': 3}}","node","http://dbpedia.org/resource/Andorra_(film)","http://dbpedia.org/resource/Casper_Andreas","http://dbpedia.org/resource/Andorra_(film)","http://dbpedia.org/ontology/director","http://dbpedia.org/resource/Fred_Schepisi","http://dbpedia.org/resource/Casper_Andreas","http://dbpedia.org/ontology/director","http://dbpedia.org/resource/Fred_Schepisi","Casper Andreas","director","Fred Schepisi","4-3-2","prr","Andorra (film)","director","Fred Schepisi","prr","Is possible","false","false","true","4.5"
"3XUSYT70IT11819Q34EYNCMHAWMD0Z","3KBQBQZF89BQO3IGU773XS79F4HPAN","Movie data quality rating","You see statements about movies and their industry context and have to rate how correct they are","movies, films, actors, correctness, rate, easy, survey, quick, brief","$0.00","Tue Jan 12 10:25:08 PST 2021","3","BatchId:305480;OriginalHitTemplateId:921587278;","5400","432000","Tue Jan 19 10:25:08 PST 2021","","","3907X2AHF05KFSDND2E9VER1LWDP2E","A1LGQEL2Z68DBP","Submitted","Wed Jan 13 07:46:23 PST 2021","Wed Jan 13 07:46:57 PST 2021","Mon Jan 18 07:46:57 PST 2021","","","","34","0% (0/0)","0% (0/0)","0% (0/0)","dist","{'amount': {'num': 5}, 'param': {'dist': 3}}","node","http://dbpedia.org/resource/Eric_%22Roach%22_Denis","http://dbpedia.org/resource/Eric_Daniel_Metzgar","http://dbpedia.org/resource/RoachTrip","http://dbpedia.org/ontology/director","http://dbpedia.org/resource/Eric_%22Roach%22_Denis","http://dbpedia.org/resource/RoachTrip","http://dbpedia.org/ontology/director","http://dbpedia.org/resource/Eric_Daniel_Metzgar","RoachTrip","director","Eric Daniel Metzgar","1-1-3","Rdi","RoachTrip","director","Eric %22Roach%22 Denis","Rdi","Same first name","false","false","true","4"
"3H5TOKO3D9JJMGCCCITMT922AMF64G","3KBQBQZF89BQO3IGU773XS79F4HPAN","Movie data quality rating","You see statements about movies and their industry context and have to rate how correct they are","movies, films, actors, correctness, rate, easy, survey, quick, brief","$0.00","Tue Jan 12 10:25:08 PST 2021","3","BatchId:305480;OriginalHitTemplateId:921587278;","5400","432000","Tue Jan 19 10:25:08 PST 2021","","","31EUONYN2V3BRJZOMCL58JJM8PAOV4","A1LGQEL2Z68DBP","Submitted","Wed Jan 13 07:20:46 PST 2021","Wed Jan 13 07:22:30 PST 2021","Mon Jan 18 07:22:30 PST 2021","","","","104","0% (0/0)","0% (0/0)","0% (0/0)","dist","{'amount': {'num': 5}, 'param': {'dist': 3}}","node","http://dbpedia.org/resource/Je_te_mangerais","http://dbpedia.org/resource/Sacch_Ka_Saamna","http://dbpedia.org/resource/Je_te_mangerais","http://dbpedia.org/ontology/director","http://dbpedia.org/resource/Sophie_Laloy","http://dbpedia.org/resource/Sacch_Ka_Saamna","http://dbpedia.org/ontology/director","http://dbpedia.org/resource/Sophie_Laloy","Sacch Ka Saamna","director","Sophie Laloy","3-1-1","cdS","Je te mangerais","director","Sophie Laloy","cdS","Is possible","false","false","true","4.5"
"3UYRNV2KITZSC256N25GCW4T7Y08NZ","3KBQBQZF89BQO3IGU773XS79F4HPAN","Movie data quality rating","You see statements about movies and their industry context and have to rate how correct they are","movies, films, actors, correctness, rate, easy, survey, quick, brief","$0.00","Tue Jan 12 10:25:28 PST 2021","3","BatchId:305480;OriginalHitTemplateId:921587278;","5400","432000","Tue Jan 19 10:25:28 PST 2021","","","3R8YZBNQ9HIC15B8JRATRAYJ18LQ7M","A1LGQEL2Z68DBP","Submitted","Wed Jan 13 07:23:06 PST 2021","Wed Jan 13 07:28:02 PST 2021","Mon Jan 18 07:28:02 PST 2021","","","","296","0% (0/0)","0% (0/0)","0% (0/0)","dist","{'amount': {'num': 5}, 'param': {'dist': 3}}","node","http://dbpedia.org/resource/Hughes_brothers","http://dbpedia.org/resource/John_Hughes_(filmmaker)","http://dbpedia.org/resource/The_Book_of_Eli","http://dbpedia.org/ontology/director","http://dbpedia.org/resource/Hughes_brothers","http://dbpedia.org/resource/The_Book_of_Eli","http://dbpedia.org/ontology/director","http://dbpedia.org/resource/John_Hughes_(filmmaker)","The Book of Eli","director","John Hughes (filmmaker)","1-4-1","TeJ","The Book of Eli","director","Hughes brothers","TeJ","Same Surname","false","false","true","4.5"
"3VDI8GSXAFTM2AOK0YSLMCVW6ME8GR","3KBQBQZF89BQO3IGU773XS79F4HPAN","Movie data quality rating","You see statements about movies and their industry context and have to rate how correct they are","movies, films, actors, correctness, rate, easy, survey, quick, brief","$0.00","Tue Jan 12 10:25:09 PST 2021","3","BatchId:305480;OriginalHitTemplateId:921587278;","5400","432000","Tue Jan 19 10:25:09 PST 2021","","","3U088ZLJVKT33R7AA1OQ4K6IHVX0W1","A1LGQEL2Z68DBP","Submitted","Wed Jan 13 07:46:58 PST 2021","Wed Jan 13 07:47:30 PST 2021","Mon Jan 18 07:47:30 PST 2021","","","","32","0% (0/0)","0% (0/0)","0% (0/0)","dist","{'amount': {'num': 5}, 'param': {'dist': 4}}","node","http://dbpedia.org/resource/Robert_Cary_(director)","http://dbpedia.org/resource/Robert_Habros","http://dbpedia.org/resource/Save_Me_(2007_film)","http://dbpedia.org/ontology/director","http://dbpedia.org/resource/Robert_Cary_(director)","http://dbpedia.org/resource/Save_Me_(2007_film)","http://dbpedia.org/ontology/director","http://dbpedia.org/resource/Robert_Habros","Save Me (2007 film)","director","Robert Habros","1-1-4","Sde","Save Me (2007 film)","director","Robert Cary (director)","Sde","Same first name","false","false","true","4"
"3BO3NEOQM0HEHPNUNKC23FE7BN6AIP","3KBQBQZF89BQO3IGU773XS79F4HPAN","Movie data quality rating","You see statements about movies and their industry context and have to rate how correct they are","movies, films, actors, correctness, rate, easy, survey, quick, brief","$0.00","Tue Jan 12 10:25:09 PST 2021","3","BatchId:305480;OriginalHitTemplateId:921587278;","5400","432000","Tue Jan 19 10:25:09 PST 2021","","","351SEKWQS0H1XZEQIB6YATOADIRMDO","A1LGQEL2Z68DBP","Submitted","Wed Jan 13 06:46:10 PST 2021","Wed Jan 13 07:09:58 PST 2021","Mon Jan 18 07:09:58 PST 2021","","","","1428","0% (0/0)","0% (0/0)","0% (0/0)","dist","{'amount': {'num': 5}, 'param': {'dist': 4}}","node","http://dbpedia.org/resource/Eric_%22Roach%22_Denis","http://dbpedia.org/resource/Marc_Evans","http://dbpedia.org/resource/RoachTrip","http://dbpedia.org/ontology/director","http://dbpedia.org/resource/Eric_%22Roach%22_Denis","http://dbpedia.org/resource/RoachTrip","http://dbpedia.org/ontology/director","http://dbpedia.org/resource/Marc_Evans","RoachTrip","director","Marc Evans","2-4-1","oeM","RoachTrip","director","Eric %22Roach%22 Denis","oeM","Too different names","true","false","false","4"
"3IHWR4LC7DD0Y1UFQMSO7O8CLZ68IJ","3KBQBQZF89BQO3IGU773XS79F4HPAN","Movie data quality rating","You see statements about movies and their industry context and have to rate how correct they are","movies, films, actors, correctness, rate, easy, survey, quick, brief","$0.00","Tue Jan 12 10:25:09 PST 2021","3","BatchId:305480;OriginalHitTemplateId:921587278;","5400","432000","Tue Jan 19 10:25:09 PST 2021","","","3F0BG9B9MPNLA72UA1RN4W1L0H2Y7X","A1LGQEL2Z68DBP","Submitted","Wed Jan 13 07:40:10 PST 2021","Wed Jan 13 07:40:46 PST 2021","Mon Jan 18 07:40:46 PST 2021","","","","36","0% (0/0)","0% (0/0)","0% (0/0)","dist","{'amount': {'num': 5}, 'param': {'dist': 4}}","node","http://dbpedia.org/resource/Je_te_mangerais","http://dbpedia.org/resource/Dil_To_Pagal_Hai","http://dbpedia.org/resource/Je_te_mangerais","http://dbpedia.org/ontology/writer","http://dbpedia.org/resource/Sophie_Laloy","http://dbpedia.org/resource/Dil_To_Pagal_Hai","http://dbpedia.org/ontology/writer","http://dbpedia.org/resource/Sophie_Laloy","Dil To Pagal Hai","writer","Sophie Laloy","2-3-2","iio","Je te mangerais","writer","Sophie Laloy","iio","Is possible","false","false","true","4.5"
"3WGCNLZJKF81FQU8ZNIY1H5RFOSD12","3KBQBQZF89BQO3IGU773XS79F4HPAN","Movie data quality rating","You see statements about movies and their industry context and have to rate how correct they are","movies, films, actors, correctness, rate, easy, survey, quick, brief","$0.00","Tue Jan 12 10:25:09 PST 2021","3","BatchId:305480;OriginalHitTemplateId:921587278;","5400","432000","Tue Jan 19 10:25:09 PST 2021","","","34FNN24DCM96N3OBM8CQ6CNP9B7Y5I","A1LGQEL2Z68DBP","Submitted","Wed Jan 13 07:37:39 PST 2021","Wed Jan 13 07:38:16 PST 2021","Mon Jan 18 07:38:16 PST 2021","","","","37","0% (0/0)","0% (0/0)","0% (0/0)","dist","{'amount': {'num': 5}, 'param': {'dist': 4}}","node","http://dbpedia.org/resource/Hughes_brothers","http://dbpedia.org/resource/Terry_Hughes_(director)","http://dbpedia.org/resource/The_Book_of_Eli","http://dbpedia.org/ontology/director","http://dbpedia.org/resource/Hughes_brothers","http://dbpedia.org/resource/The_Book_of_Eli","http://dbpedia.org/ontology/director","http://dbpedia.org/resource/Terry_Hughes_(director)","The Book of Eli","director","Terry Hughes (director)","3-1-2","ede","The Book of Eli","director","Hughes brothers","ede","Iddentical Surname","false","false","true","4.5"
"341YLJU21IZPCMSQA5JNXXV9ZZEI2Q","3KBQBQZF89BQO3IGU773XS79F4HPAN","Movie data quality rating","You see statements about movies and their industry context and have to rate how correct they are","movies, films, actors, correctness, rate, easy, survey, quick, brief","$0.00","Tue Jan 12 10:25:28 PST 2021","3","BatchId:305480;OriginalHitTemplateId:921587278;","5400","432000","Tue Jan 19 10:25:28 PST 2021","","","33IZTU6J811IT0WCT83WG9Q8LPLSX8","A1LGQEL2Z68DBP","Submitted","Wed Jan 13 07:49:33 PST 2021","Wed Jan 13 07:50:25 PST 2021","Mon Jan 18 07:50:25 PST 2021","","","","52","0% (0/0)","0% (0/0)","0% (0/0)","dist","{'amount': {'num': 5}, 'param': {'dist': 5}}","node","http://dbpedia.org/resource/Robert_Cary_(director)","http://dbpedia.org/resource/Robert_Fuest","http://dbpedia.org/resource/Save_Me_(2007_film)","http://dbpedia.org/ontology/director","http://dbpedia.org/resource/Robert_Cary_(director)","http://dbpedia.org/resource/Save_Me_(2007_film)","http://dbpedia.org/ontology/director","http://dbpedia.org/resource/Robert_Fuest","Save Me (2007 film)","director","Robert Fuest","3-1-2","vdo","Save Me (2007 film)","director","Robert Cary (director)","vdo","Same first name","false","false","true","4"
"3RBI0I35XE30N43EINJV2VUPVWC3YS","3KBQBQZF89BQO3IGU773XS79F4HPAN","Movie data quality rating","You see statements about movies and their industry context and have to rate how correct they are","movies, films, actors, correctness, rate, easy, survey, quick, brief","$0.00","Tue Jan 12 10:25:09 PST 2021","3","BatchId:305480;OriginalHitTemplateId:921587278;","5400","432000","Tue Jan 19 10:25:09 PST 2021","","","3ZAK8W07I4EQBNI5F19PMWLLWFM0U2","A1LGQEL2Z68DBP","Submitted","Wed Jan 13 07:45:12 PST 2021","Wed Jan 13 07:45:40 PST 2021","Mon Jan 18 07:45:40 PST 2021","","","","28","0% (0/0)","0% (0/0)","0% (0/0)","dist","{'amount': {'num': 5}, 'param': {'dist': 5}}","node","http://dbpedia.org/resource/Andorra_(film)","http://dbpedia.org/resource/Sion_Sono","http://dbpedia.org/resource/Andorra_(film)","http://dbpedia.org/ontology/director","http://dbpedia.org/resource/Fred_Schepisi","http://dbpedia.org/resource/Sion_Sono","http://dbpedia.org/ontology/director","http://dbpedia.org/resource/Fred_Schepisi","Sion Sono","director","Fred Schepisi","4-3-4","nrd","Andorra (film)","director","Fred Schepisi","nrd","Is possible","false","false","true","4.5"
"3OQQD2WO8I6EX4O9E5XSG7015DEI31","3KBQBQZF89BQO3IGU773XS79F4HPAN","Movie data quality rating","You see statements about movies and their industry context and have to rate how correct they are","movies, films, actors, correctness, rate, easy, survey, quick, brief","$0.00","Tue Jan 12 10:25:28 PST 2021","3","BatchId:305480;OriginalHitTemplateId:921587278;","5400","432000","Tue Jan 19 10:25:28 PST 2021","","","3II4UPYCOJ7SIECIA4DFR28FNJOQDF","A1LGQEL2Z68DBP","Submitted","Wed Jan 13 07:36:46 PST 2021","Wed Jan 13 07:37:38 PST 2021","Mon Jan 18 07:37:38 PST 2021","","","","52","0% (0/0)","0% (0/0)","0% (0/0)","dist","{'amount': {'num': 5}, 'param': {'dist': 5}}","node","http://dbpedia.org/resource/Eric_%22Roach%22_Denis","http://dbpedia.org/resource/Eric_Schaeffer","http://dbpedia.org/resource/RoachTrip","http://dbpedia.org/ontology/starring","http://dbpedia.org/resource/Eric_%22Roach%22_Denis","http://dbpedia.org/resource/RoachTrip","http://dbpedia.org/ontology/starring","http://dbpedia.org/resource/Eric_Schaeffer","RoachTrip","starring","Eric Schaeffer","3-4-3","ari","RoachTrip","starring","Eric %22Roach%22 Denis","ari","Identical first name","false","false","true","4"
"39WICJI5ATS0SUDJE9LEG23R1QG3ZJ","3KBQBQZF89BQO3IGU773XS79F4HPAN","Movie data quality rating","You see statements about movies and their industry context and have to rate how correct they are","movies, films, actors, correctness, rate, easy, survey, quick, brief","$0.00","Tue Jan 12 10:25:13 PST 2021","3","BatchId:305480;OriginalHitTemplateId:921587278;","5400","432000","Tue Jan 19 10:25:13 PST 2021","","","384PI804XS1AWAQ1QWEP7V3XBI10SM","A1LGQEL2Z68DBP","Submitted","Wed Jan 13 07:38:16 PST 2021","Wed Jan 13 07:38:50 PST 2021","Mon Jan 18 07:38:50 PST 2021","","","","34","0% (0/0)","0% (0/0)","0% (0/0)","dist","{'amount': {'num': 5}, 'param': {'dist': 5}}","node","http://dbpedia.org/resource/Je_te_mangerais","http://dbpedia.org/resource/Yoo_Ha","http://dbpedia.org/resource/Je_te_mangerais","http://dbpedia.org/ontology/writer","http://dbpedia.org/resource/Sophie_Laloy","http://dbpedia.org/resource/Yoo_Ha","http://dbpedia.org/ontology/writer","http://dbpedia.org/resource/Sophie_Laloy","Yoo Ha","writer","Sophie Laloy","3-1-1","owS","Je te mangerais","writer","Sophie Laloy","owS","Is possible","false","false","true","4.5"
"3NFWQRSHVEEVHPY78CYRW4CITQRFGF","3KBQBQZF89BQO3IGU773XS79F4HPAN","Movie data quality rating","You see statements about movies and their industry context and have to rate how correct they are","movies, films, actors, correctness, rate, easy, survey, quick, brief","$0.00","Tue Jan 12 10:25:13 PST 2021","3","BatchId:305480;OriginalHitTemplateId:921587278;","5400","432000","Tue Jan 19 10:25:13 PST 2021","","","3AUQQEL7U5TQO275KRJUIIN4AMV0VR","A1LGQEL2Z68DBP","Submitted","Wed Jan 13 07:45:40 PST 2021","Wed Jan 13 07:46:22 PST 2021","Mon Jan 18 07:46:22 PST 2021","","","","42","0% (0/0)","0% (0/0)","0% (0/0)","dist","{'amount': {'num': 5}, 'param': {'dist': 5}}","node","http://dbpedia.org/resource/Hughes_brothers","http://dbpedia.org/resource/Coen_brothers","http://dbpedia.org/resource/The_Book_of_Eli","http://dbpedia.org/ontology/director","http://dbpedia.org/resource/Hughes_brothers","http://dbpedia.org/resource/The_Book_of_Eli","http://dbpedia.org/ontology/director","http://dbpedia.org/resource/Coen_brothers","The Book of Eli","director","Coen brothers","4-2-3","_ie","The Book of Eli","director","Hughes brothers","Bie","False director","true","false","false","1"
"39XCQ6V3KY41IZGCQNCWY18GAIA65L","3KBQBQZF89BQO3IGU773XS79F4HPAN","Movie data quality rating","You see statements about movies and their industry context and have to rate how correct they are","movies, films, actors, correctness, rate, easy, survey, quick, brief","$0.00","Tue Jan 12 10:25:13 PST 2021","3","BatchId:305480;OriginalHitTemplateId:921587278;","5400","432000","Tue Jan 19 10:25:13 PST 2021","","","34J10VATJFY9QPS42IEQIZOSFOWQIH","A1LGQEL2Z68DBP","Submitted","Wed Jan 13 07:49:08 PST 2021","Wed Jan 13 07:49:32 PST 2021","Mon Jan 18 07:49:32 PST 2021","","","","24","0% (0/0)","0% (0/0)","0% (0/0)","random","{'amount': {'num': 5}}","relation","http://dbpedia.org/ontology/editing","http://dbpedia.org/ontology/composer","http://dbpedia.org/resource/The_Captive_(2014_film)","http://dbpedia.org/ontology/editing","http://dbpedia.org/resource/Atom_Egoyan","http://dbpedia.org/resource/The_Captive_(2014_film)","http://dbpedia.org/ontology/composer","http://dbpedia.org/resource/Atom_Egoyan","The Captive (2014 film)","composer","Atom Egoyan","3-3-4","emm","The Captive (2014 film)","editing","Atom Egoyan","emm","Could be confused","false","false","true","3.5"
"3B286OTISEHAC07052X2FGT7O2VAJ1","3KBQBQZF89BQO3IGU773XS79F4HPAN","Movie data quality rating","You see statements about movies and their industry context and have to rate how correct they are","movies, films, actors, correctness, rate, easy, survey, quick, brief","$0.00","Tue Jan 12 10:25:13 PST 2021","3","BatchId:305480;OriginalHitTemplateId:921587278;","5400","432000","Tue Jan 19 10:25:13 PST 2021","","","3WOKGM4L71GVYIY8JFXGNQTWETY0OP","A1LGQEL2Z68DBP","Submitted","Wed Jan 13 07:35:00 PST 2021","Wed Jan 13 07:35:43 PST 2021","Mon Jan 18 07:35:43 PST 2021","","","","43","0% (0/0)","0% (0/0)","0% (0/0)","random","{'amount': {'num': 5}}","relation","http://dbpedia.org/ontology/designer","http://dbpedia.org/property/studio","http://dbpedia.org/resource/Final_Fantasy_VI","http://dbpedia.org/ontology/designer","http://dbpedia.org/resource/Hiroyuki_Ito","http://dbpedia.org/resource/Final_Fantasy_VI","http://dbpedia.org/property/studio","http://dbpedia.org/resource/Hiroyuki_Ito","Final Fantasy VI","studio","Hiroyuki Ito","3-3-3","nur","Final Fantasy VI","designer","Hiroyuki Ito","nur","Too distinct description","true","false","false","2"
"3IV1AEQ4DRDWTCEL84DOJPNCYEV8JV","3KBQBQZF89BQO3IGU773XS79F4HPAN","Movie data quality rating","You see statements about movies and their industry context and have to rate how correct they are","movies, films, actors, correctness, rate, easy, survey, quick, brief","$0.00","Tue Jan 12 10:25:13 PST 2021","3","BatchId:305480;OriginalHitTemplateId:921587278;","5400","432000","Tue Jan 19 10:25:13 PST 2021","","","3R5F3LQFV2KS034YN9A8TPWIW0GOZ4","A1LGQEL2Z68DBP","Submitted","Wed Jan 13 07:30:21 PST 2021","Wed Jan 13 07:31:10 PST 2021","Mon Jan 18 07:31:10 PST 2021","","","","49","0% (0/0)","0% (0/0)","0% (0/0)","random","{'amount': {'num': 5}}","relation","http://dbpedia.org/property/voiceActor(allUnc.)_","http://dbpedia.org/ontology/designer","http://dbpedia.org/resource/Fraidy_Cat_(film)","http://dbpedia.org/property/voiceActor(allUnc.)_","http://dbpedia.org/resource/William_Hanna","http://dbpedia.org/resource/Fraidy_Cat_(film)","http://dbpedia.org/ontology/designer","http://dbpedia.org/resource/William_Hanna","Fraidy Cat (film)","designer","William Hanna","4-1-4","idl","Fraidy Cat (film)","voiceActor(allUnc.)","William Hanna","idl","Distinct descriptions","true","false","false","2"
"31GECDVA9JMX13GQV6M1Q7MG6DL661","3KBQBQZF89BQO3IGU773XS79F4HPAN","Movie data quality rating","You see statements about movies and their industry context and have to rate how correct they are","movies, films, actors, correctness, rate, easy, survey, quick, brief","$0.00","Tue Jan 12 10:25:13 PST 2021","3","BatchId:305480;OriginalHitTemplateId:921587278;","5400","432000","Tue Jan 19 10:25:13 PST 2021","","","31IBVUNM9SZHL6MVN92FLPA8GOJVFP","A1LGQEL2Z68DBP","Submitted","Wed Jan 13 07:20:04 PST 2021","Wed Jan 13 07:20:45 PST 2021","Mon Jan 18 07:20:45 PST 2021","","","","41","0% (0/0)","0% (0/0)","0% (0/0)","random","{'amount': {'num': 5}}","relation","http://dbpedia.org/ontology/developer","http://dbpedia.org/property/editor","http://dbpedia.org/resource/Street_Fighter:_Assassin's_Fist","http://dbpedia.org/ontology/developer","http://dbpedia.org/resource/Joey_Ansah","http://dbpedia.org/resource/Street_Fighter:_Assassin's_Fist","http://dbpedia.org/property/editor","http://dbpedia.org/resource/Joey_Ansah","Street Fighter: Assassin's Fist","editor","Joey Ansah","4-3-4","eiy","Street Fighter: Assassin's Fist","developer","Joey Ansah","eiy","Medium confusable descriptions","false","false","true","3.5"
"36JW4WBR06K9HLTISIG9H4OJ8Q4FHE","3KBQBQZF89BQO3IGU773XS79F4HPAN","Movie data quality rating","You see statements about movies and their industry context and have to rate how correct they are","movies, films, actors, correctness, rate, easy, survey, quick, brief","$0.00","Tue Jan 12 10:25:14 PST 2021","3","BatchId:305480;OriginalHitTemplateId:921587278;","5400","432000","Tue Jan 19 10:25:14 PST 2021","","","388U7OUMF71YVVQOB7EKHLY1PGI0RY","A1LGQEL2Z68DBP","Submitted","Wed Jan 13 07:36:12 PST 2021","Wed Jan 13 07:36:46 PST 2021","Mon Jan 18 07:36:46 PST 2021","","","","34","0% (0/0)","0% (0/0)","0% (0/0)","random","{'amount': {'num': 5}}","relation","http://dbpedia.org/property/backgroundArtist","http://dbpedia.org/ontology/writer","http://dbpedia.org/resource/Looney_Tunes","http://dbpedia.org/property/backgroundArtist","http://dbpedia.org/resource/Warner_Bros._Cartoons","http://dbpedia.org/resource/Looney_Tunes","http://dbpedia.org/ontology/writer","http://dbpedia.org/resource/Warner_Bros._Cartoons","Looney Tunes","writer","Warner Bros. Cartoons","3-4-3","otr","Looney Tunes","backgroundArtist","Warner Bros. Cartoons","oir","Too distinct description","true","false","false","2.5"
"3M7OI89LVYOMHKPR5XZ4C7EQ2ZW6CT","3KBQBQZF89BQO3IGU773XS79F4HPAN","Movie data quality rating","You see statements about movies and their industry context and have to rate how correct they are","movies, films, actors, correctness, rate, easy, survey, quick, brief","$0.00","Tue Jan 12 10:25:28 PST 2021","3","BatchId:305480;OriginalHitTemplateId:921587278;","5400","432000","Tue Jan 19 10:25:28 PST 2021","","","3HFNH7HEMHEVUYM9CUENXNBC0B4QGP","A1LGQEL2Z68DBP","Submitted","Wed Jan 13 07:47:30 PST 2021","Wed Jan 13 07:48:02 PST 2021","Mon Jan 18 07:48:02 PST 2021","","","","32","0% (0/0)","0% (0/0)","0% (0/0)","dist","{'amount': {'num': 5}, 'param': {'dist': 1}}","relation","http://dbpedia.org/ontology/editing","http://dbpedia.org/ontology/producer","http://dbpedia.org/resource/On_the_Count_of_Zero_(2007_film)","http://dbpedia.org/ontology/editing","http://dbpedia.org/resource/Gokhan_Yorgancigil","http://dbpedia.org/resource/On_the_Count_of_Zero_(2007_film)","http://dbpedia.org/ontology/producer","http://dbpedia.org/resource/Gokhan_Yorgancigil","On the Count of Zero (2007 film)","producer","Gokhan Yorgancigil","1-1-2","Opo","On the Count of Zero (2007 film)","editing","Gokhan Yorgancigil","Opo","Distinct discription","true","false","false","2.5"
"3KI0JD2ZU1IG53UVEGRTWLMC1O5670","3KBQBQZF89BQO3IGU773XS79F4HPAN","Movie data quality rating","You see statements about movies and their industry context and have to rate how correct they are","movies, films, actors, correctness, rate, easy, survey, quick, brief","$0.00","Tue Jan 12 10:25:14 PST 2021","3","BatchId:305480;OriginalHitTemplateId:921587278;","5400","432000","Tue Jan 19 10:25:14 PST 2021","","","3OUYGIZWR7YDJIA9YFAVCQYMOYU0P6","A1LGQEL2Z68DBP","Submitted","Wed Jan 13 07:35:44 PST 2021","Wed Jan 13 07:36:12 PST 2021","Mon Jan 18 07:36:12 PST 2021","","","","28","0% (0/0)","0% (0/0)","0% (0/0)","dist","{'amount': {'num': 5}, 'param': {'dist': 1}}","relation","http://dbpedia.org/ontology/designer","http://dbpedia.org/ontology/gameArtist","http://dbpedia.org/resource/Final_Fantasy_VI","http://dbpedia.org/ontology/designer","http://dbpedia.org/resource/Hiroyuki_Ito","http://dbpedia.org/resource/Final_Fantasy_VI","http://dbpedia.org/ontology/gameArtist","http://dbpedia.org/resource/Hiroyuki_Ito","Final Fantasy VI","gameArtist","Hiroyuki Ito","1-3-3","Fmr","Final Fantasy VI","designer","Hiroyuki Ito","Fmr","Could be confused","false","false","true","4"
"337F8MIIMZDO85QXATD5K8SBXJT40D","3KBQBQZF89BQO3IGU773XS79F4HPAN","Movie data quality rating","You see statements about movies and their industry context and have to rate how correct they are","movies, films, actors, correctness, rate, easy, survey, quick, brief","$0.00","Tue Jan 12 10:25:14 PST 2021","3","BatchId:305480;OriginalHitTemplateId:921587278;","5400","432000","Tue Jan 19 10:25:14 PST 2021","","","37UQDCYH6XV46D7P5Q43XXXRI00V7L","A1LGQEL2Z68DBP","Submitted","Wed Jan 13 07:09:59 PST 2021","Wed Jan 13 07:11:16 PST 2021","Mon Jan 18 07:11:16 PST 2021","","","","77","0% (0/0)","0% (0/0)","0% (0/0)","dist","{'amount': {'num': 5}, 'param': {'dist': 1}}","relation","http://dbpedia.org/property/voiceActor(allUnc.)_","http://dbpedia.org/property/studio","http://dbpedia.org/resource/Fraidy_Cat_(film)","http://dbpedia.org/property/voiceActor(allUnc.)_","http://dbpedia.org/resource/William_Hanna","http://dbpedia.org/resource/Fraidy_Cat_(film)","http://dbpedia.org/property/studio","http://dbpedia.org/resource/William_Hanna","Fraidy Cat (film)","studio","William Hanna","2-2-4","rtl","Fraidy Cat (film)","voiceActor(allUnc.)","William Hanna","rtl","Descripions could be confused","false","false","true","4"
"3M47JKRKCX1K5HZEOLJZALI7C8B68N","3KBQBQZF89BQO3IGU773XS79F4HPAN","Movie data quality rating","You see statements about movies and their industry context and have to rate how correct they are","movies, films, actors, correctness, rate, easy, survey, quick, brief","$0.00","Tue Jan 12 10:25:14 PST 2021","3","BatchId:305480;OriginalHitTemplateId:921587278;","5400","432000","Tue Jan 19 10:25:14 PST 2021","","","32AT8R96GL9QCW2HO3S9W2R4R74SUG","A1LGQEL2Z68DBP","Submitted","Wed Jan 13 07:42:46 PST 2021","Wed Jan 13 07:43:13 PST 2021","Mon Jan 18 07:43:13 PST 2021","","","","27","0% (0/0)","0% (0/0)","0% (0/0)","dist","{'amount': {'num': 5}, 'param': {'dist': 1}}","relation","http://dbpedia.org/ontology/developer","http://dbpedia.org/ontology/starring","http://dbpedia.org/resource/Street_Fighter:_Assassin's_Fist","http://dbpedia.org/ontology/developer","http://dbpedia.org/resource/Joey_Ansah","http://dbpedia.org/resource/Street_Fighter:_Assassin's_Fist","http://dbpedia.org/ontology/starring","http://dbpedia.org/resource/Joey_Ansah","Street Fighter: Assassin's Fist","starring","Joey Ansah","4-3-3","eae","Street Fighter: Assassin's Fist","developer","Joey Ansah","eae","Distinct description","true","false","false","2"
"3CVDZS288H0V9ZUTJFWM99WFPC3FMN","3KBQBQZF89BQO3IGU773XS79F4HPAN","Movie data quality rating","You see statements about movies and their industry context and have to rate how correct they are","movies, films, actors, correctness, rate, easy, survey, quick, brief","$0.00","Tue Jan 12 10:25:28 PST 2021","3","BatchId:305480;OriginalHitTemplateId:921587278;","5400","432000","Tue Jan 19 10:25:28 PST 2021","","","3M1CVSFP605UK796QUMD11092GRQAD","A1LGQEL2Z68DBP","Submitted","Wed Jan 13 07:28:02 PST 2021","Wed Jan 13 07:29:46 PST 2021","Mon Jan 18 07:29:46 PST 2021","","","","104","0% (0/0)","0% (0/0)","0% (0/0)","dist","{'amount': {'num': 5}, 'param': {'dist': 1}}","relation","http://dbpedia.org/property/backgroundArtist","http://dbpedia.org/property/layoutArtist","http://dbpedia.org/resource/Looney_Tunes","http://dbpedia.org/property/backgroundArtist","http://dbpedia.org/resource/Warner_Bros._Cartoons","http://dbpedia.org/resource/Looney_Tunes","http://dbpedia.org/property/layoutArtist","http://dbpedia.org/resource/Warner_Bros._Cartoons","Looney Tunes","layoutArtist","Warner Bros. Cartoons","1-3-3","Lyr","Looney Tunes","backgroundArtist","Warner Bros. Cartoons","Lyr","Could be confused","false","false","true","4"
"3SX4X51T809ODBYXLFP7NCATNW5AOK","3KBQBQZF89BQO3IGU773XS79F4HPAN","Movie data quality rating","You see statements about movies and their industry context and have to rate how correct they are","movies, films, actors, correctness, rate, easy, survey, quick, brief","$0.00","Tue Jan 12 10:25:28 PST 2021","3","BatchId:305480;OriginalHitTemplateId:921587278;","5400","432000","Tue Jan 19 10:25:28 PST 2021","","","3OUYGIZWR7YDJIA9YFAVCQYMOYTP0U","A1LGQEL2Z68DBP","Submitted","Wed Jan 13 07:31:46 PST 2021","Wed Jan 13 07:32:32 PST 2021","Mon Jan 18 07:32:32 PST 2021","","","","46","0% (0/0)","0% (0/0)","0% (0/0)","dist","{'amount': {'num': 5}, 'param': {'dist': 2}}","relation","http://dbpedia.org/ontology/editing","http://dbpedia.org/ontology/director","http://dbpedia.org/resource/Get_Low_(film)","http://dbpedia.org/ontology/editing","http://dbpedia.org/resource/Aaron_Schneider","http://dbpedia.org/resource/Get_Low_(film)","http://dbpedia.org/ontology/director","http://dbpedia.org/resource/Aaron_Schneider","Get Low (film)","director","Aaron Schneider","1-1-3","Gdr","Get Low (film)","editing","Aaron Schneider","Gdr","Descriptions are too distinct","true","false","false","2.5"
"3P7RGTLO6ED5NKDINNXEGVTK3RVAK0","3KBQBQZF89BQO3IGU773XS79F4HPAN","Movie data quality rating","You see statements about movies and their industry context and have to rate how correct they are","movies, films, actors, correctness, rate, easy, survey, quick, brief","$0.00","Tue Jan 12 10:25:17 PST 2021","3","BatchId:305480;OriginalHitTemplateId:921587278;","5400","432000","Tue Jan 19 10:25:17 PST 2021","","","34Z02EIMISDBBA3GFWJFH0ZJD1ET03","A1LGQEL2Z68DBP","Submitted","Wed Jan 13 07:53:19 PST 2021","Wed Jan 13 07:53:45 PST 2021","Mon Jan 18 07:53:45 PST 2021","","","","26","0% (0/0)","0% (0/0)","0% (0/0)","dist","{'amount': {'num': 5}, 'param': {'dist': 2}}","relation","http://dbpedia.org/ontology/designer","http://dbpedia.org/ontology/writer","http://dbpedia.org/resource/Epic_Mickey","http://dbpedia.org/ontology/designer","http://dbpedia.org/resource/Warren_Spector","http://dbpedia.org/resource/Epic_Mickey","http://dbpedia.org/ontology/writer","http://dbpedia.org/resource/Warren_Spector","Epic Mickey","writer","Warren Spector","4-2-3","crr","Epic Mickey","designer","Warren Spector","crr","Could be confused","true","false","false","3"
"3A9LA2FRWSEQH7K3SCMVNBOQCV0HX7","3KBQBQZF89BQO3IGU773XS79F4HPAN","Movie data quality rating","You see statements about movies and their industry context and have to rate how correct they are","movies, films, actors, correctness, rate, easy, survey, quick, brief","$0.00","Tue Jan 12 10:25:17 PST 2021","3","BatchId:305480;OriginalHitTemplateId:921587278;","5400","432000","Tue Jan 19 10:25:17 PST 2021","","","3NGI5ARFTT5DQ7VRUYEVQVHWTQZP1X","A1LGQEL2Z68DBP","Submitted","Wed Jan 13 07:41:52 PST 2021","Wed Jan 13 07:42:46 PST 2021","Mon Jan 18 07:42:46 PST 2021","","","","54","0% (0/0)","0% (0/0)","0% (0/0)","dist","{'amount': {'num': 5}, 'param': {'dist': 2}}","relation","http://dbpedia.org/property/voiceActor(allUnc.)_","http://dbpedia.org/ontology/animator","http://dbpedia.org/resource/Fraidy_Cat_(film)","http://dbpedia.org/property/voiceActor(allUnc.)_","http://dbpedia.org/resource/William_Hanna","http://dbpedia.org/resource/Fraidy_Cat_(film)","http://dbpedia.org/ontology/animator","http://dbpedia.org/resource/William_Hanna","Fraidy Cat (film)","animator","William Hanna","4-3-3","iil","Fraidy Cat (film)","voiceActor(allUnc.)","William Hanna","iil","Distinct descriptions","true","false","false","2.5"
"3AJA9FLWSCY9DG42Y0YUHGPY83JFI7","3KBQBQZF89BQO3IGU773XS79F4HPAN","Movie data quality rating","You see statements about movies and their industry context and have to rate how correct they are","movies, films, actors, correctness, rate, easy, survey, quick, brief","$0.00","Tue Jan 12 10:25:18 PST 2021","3","BatchId:305480;OriginalHitTemplateId:921587278;","5400","432000","Tue Jan 19 10:25:18 PST 2021","","","3WYP994K17R267OPRRMVYI1P56IY6Y","A1LGQEL2Z68DBP","Submitted","Wed Jan 13 07:39:18 PST 2021","Wed Jan 13 07:40:10 PST 2021","Mon Jan 18 07:40:10 PST 2021","","","","52","0% (0/0)","0% (0/0)","0% (0/0)","dist","{'amount': {'num': 5}, 'param': {'dist': 2}}","relation","http://dbpedia.org/ontology/developer","http://dbpedia.org/ontology/author","http://dbpedia.org/resource/Street_Fighter:_Assassin's_Fist","http://dbpedia.org/ontology/developer","http://dbpedia.org/resource/Joey_Ansah","http://dbpedia.org/resource/Street_Fighter:_Assassin's_Fist","http://dbpedia.org/ontology/author","http://dbpedia.org/resource/Joey_Ansah","Street Fighter: Assassin's Fist","author","Joey Ansah","1-1-1","SaJ","Street Fighter: Assassin's Fist","developer","Joey Ansah","SaJ","Medium confusable descriptions","true","false","false","3"
"3AXFSPQOYQY58RO8GIJUTH4YLI8FJJ","3KBQBQZF89BQO3IGU773XS79F4HPAN","Movie data quality rating","You see statements about movies and their industry context and have to rate how correct they are","movies, films, actors, correctness, rate, easy, survey, quick, brief","$0.00","Tue Jan 12 10:25:19 PST 2021","3","BatchId:305480;OriginalHitTemplateId:921587278;","5400","432000","Tue Jan 19 10:25:19 PST 2021","","","31EUONYN2V3BRJZOMCL58JJM8PAVOB","A1LGQEL2Z68DBP","Submitted","Wed Jan 13 07:51:50 PST 2021","Wed Jan 13 07:52:50 PST 2021","Mon Jan 18 07:52:50 PST 2021","","","","60","0% (0/0)","0% (0/0)","0% (0/0)","dist","{'amount': {'num': 5}, 'param': {'dist': 2}}","relation","http://dbpedia.org/property/backgroundArtist","http://dbpedia.org/property/musician","http://dbpedia.org/resource/Looney_Tunes","http://dbpedia.org/property/backgroundArtist","http://dbpedia.org/resource/Warner_Bros._Cartoons","http://dbpedia.org/resource/Looney_Tunes","http://dbpedia.org/property/musician","http://dbpedia.org/resource/Warner_Bros._Cartoons","Looney Tunes","musician","Warner Bros. Cartoons","3-1-2","oma","Looney Tunes","backgroundArtist","Warner Bros. Cartoons","oma","Too distinct descriptions","true","false","false","2.5"
"3SR6AEG6W5TFHCADX88X6PVZE1UHYD","3KBQBQZF89BQO3IGU773XS79F4HPAN","Movie data quality rating","You see statements about movies and their industry context and have to rate how correct they are","movies, films, actors, correctness, rate, easy, survey, quick, brief","$0.00","Tue Jan 12 10:25:20 PST 2021","3","BatchId:305480;OriginalHitTemplateId:921587278;","5400","432000","Tue Jan 19 10:25:20 PST 2021","","","3M81GAB8A0JZ3HEYW8M9WCKFKYCQB8","A1LGQEL2Z68DBP","Submitted","Wed Jan 13 07:29:46 PST 2021","Wed Jan 13 07:30:21 PST 2021","Mon Jan 18 07:30:21 PST 2021","","","","35","0% (0/0)","0% (0/0)","0% (0/0)","dist","{'amount': {'num': 5}, 'param': {'dist': 3}}","relation","http://dbpedia.org/ontology/editing","http://dbpedia.org/ontology/writer","http://dbpedia.org/resource/Zorba_the_Greek_(film)","http://dbpedia.org/ontology/editing","http://dbpedia.org/resource/Michael_Cacoyannis","http://dbpedia.org/resource/Zorba_the_Greek_(film)","http://dbpedia.org/ontology/writer","http://dbpedia.org/resource/Michael_Cacoyannis","Zorba the Greek (film)","writer","Michael Cacoyannis","2-3-3","oic","Zorba the Greek (film)","editing","Michael Cacoyannis","oic","Could be confused","false","false","true","3.5"
"3O2Y2UIUCQU0JBUQY3J6UW4B078FKI","3KBQBQZF89BQO3IGU773XS79F4HPAN","Movie data quality rating","You see statements about movies and their industry context and have to rate how correct they are","movies, films, actors, correctness, rate, easy, survey, quick, brief","$0.00","Tue Jan 12 10:25:20 PST 2021","3","BatchId:305480;OriginalHitTemplateId:921587278;","5400","432000","Tue Jan 19 10:25:20 PST 2021","","","36AHBNMV1RC1RG341EU94OBHMS5YDQ","A1LGQEL2Z68DBP","Submitted","Wed Jan 13 07:54:14 PST 2021","Wed Jan 13 07:55:32 PST 2021","Mon Jan 18 07:55:32 PST 2021","","","","78","0% (0/0)","0% (0/0)","0% (0/0)","dist","{'amount': {'num': 5}, 'param': {'dist': 3}}","relation","http://dbpedia.org/ontology/designer","http://dbpedia.org/ontology/cinematography","http://dbpedia.org/resource/Epic_Mickey","http://dbpedia.org/ontology/designer","http://dbpedia.org/resource/Warren_Spector","http://dbpedia.org/resource/Epic_Mickey","http://dbpedia.org/ontology/cinematography","http://dbpedia.org/resource/Warren_Spector","Epic Mickey","cinematography","Warren Spector","3-1-4","icr","Epic Mickey","designer","Warren Spector","icr","Too distinct discriptions","true","false","false","2.5"
"3W0KKJIARR9R4WK3QPD0K4NPD3V8KU","3KBQBQZF89BQO3IGU773XS79F4HPAN","Movie data quality rating","You see statements about movies and their industry context and have to rate how correct they are","movies, films, actors, correctness, rate, easy, survey, quick, brief","$0.00","Tue Jan 12 10:25:20 PST 2021","3","BatchId:305480;OriginalHitTemplateId:921587278;","5400","432000","Tue Jan 19 10:25:20 PST 2021","","","3RWE2M8QWHADGXYWI0X381TROJT0NA","A1LGQEL2Z68DBP","Submitted","Wed Jan 13 07:33:21 PST 2021","Wed Jan 13 07:33:58 PST 2021","Mon Jan 18 07:33:58 PST 2021","","","","37","0% (0/0)","0% (0/0)","0% (0/0)","dist","{'amount': {'num': 5}, 'param': {'dist': 3}}","relation","http://dbpedia.org/property/voiceActor(allUnc.)_","http://dbpedia.org/ontology/basedOn","http://dbpedia.org/resource/Fraidy_Cat_(film)","http://dbpedia.org/property/voiceActor(allUnc.)_","http://dbpedia.org/resource/William_Hanna","http://dbpedia.org/resource/Fraidy_Cat_(film)","http://dbpedia.org/ontology/basedOn","http://dbpedia.org/resource/William_Hanna","Fraidy Cat (film)","basedOn","William Hanna","4-4-4","iel","Fraidy Cat (film)","voiceActor(allUnc.)","William Hanna","iel","Too distinct descriptions","true","false","false","1.5"
"3AC6MFV69KIFM2KITUAGKW41KVYHZ4","3KBQBQZF89BQO3IGU773XS79F4HPAN","Movie data quality rating","You see statements about movies and their industry context and have to rate how correct they are","movies, films, actors, correctness, rate, easy, survey, quick, brief","$0.00","Tue Jan 12 10:25:20 PST 2021","3","BatchId:305480;OriginalHitTemplateId:921587278;","5400","432000","Tue Jan 19 10:25:20 PST 2021","","","3TXWC2NHNZQSS4EEQSXI064QEMUS9P","A1LGQEL2Z68DBP","Submitted","Wed Jan 13 06:44:34 PST 2021","Wed Jan 13 06:46:10 PST 2021","Mon Jan 18 06:46:10 PST 2021","","","","96","0% (0/0)","0% (0/0)","0% (0/0)","dist","{'amount': {'num': 5}, 'param': {'dist': 3}}","relation","http://dbpedia.org/ontology/developer","http://dbpedia.org/ontology/musicComposer","http://dbpedia.org/resource/Street_Fighter:_Assassin's_Fist","http://dbpedia.org/ontology/developer","http://dbpedia.org/resource/Joey_Ansah","http://dbpedia.org/resource/Street_Fighter:_Assassin's_Fist","http://dbpedia.org/ontology/musicComposer","http://dbpedia.org/resource/Joey_Ansah","Street Fighter: Assassin's Fist","musicComposer","Joey Ansah","1-3-2","Sso","Street Fighter: Assassin's Fist","developer","Joey Ansah","Sso","Developer and music composure are too distinct jobs","true","false","false","2.5"
"38B7Q9C28G5KJMIOTDPDAHDIWET69C","3KBQBQZF89BQO3IGU773XS79F4HPAN","Movie data quality rating","You see statements about movies and their industry context and have to rate how correct they are","movies, films, actors, correctness, rate, easy, survey, quick, brief","$0.00","Tue Jan 12 10:25:20 PST 2021","3","BatchId:305480;OriginalHitTemplateId:921587278;","5400","432000","Tue Jan 19 10:25:20 PST 2021","","","3U8YCDAGXPGYJUBOYSPKCVOWTUFQ0M","A1LGQEL2Z68DBP","Submitted","Wed Jan 13 07:17:31 PST 2021","Wed Jan 13 07:18:27 PST 2021","Mon Jan 18 07:18:27 PST 2021","","","","56","0% (0/0)","0% (0/0)","0% (0/0)","dist","{'amount': {'num': 5}, 'param': {'dist': 3}}","relation","http://dbpedia.org/property/backgroundArtist","http://dbpedia.org/property/storyArtist","http://dbpedia.org/resource/Looney_Tunes","http://dbpedia.org/property/backgroundArtist","http://dbpedia.org/resource/Warner_Bros._Cartoons","http://dbpedia.org/resource/Looney_Tunes","http://dbpedia.org/property/storyArtist","http://dbpedia.org/resource/Warner_Bros._Cartoons","Looney Tunes","storyArtist","Warner Bros. Cartoons","2-2-3","otr","Looney Tunes","backgroundArtist","Warner Bros. Cartoons","otr","Too distinct descriptions","true","false","false","2.5"
"3UQ1LLR26A8G7QV08N9FVV6ZSR0AL3","3KBQBQZF89BQO3IGU773XS79F4HPAN","Movie data quality rating","You see statements about movies and their industry context and have to rate how correct they are","movies, films, actors, correctness, rate, easy, survey, quick, brief","$0.00","Tue Jan 12 10:25:20 PST 2021","3","BatchId:305480;OriginalHitTemplateId:921587278;","5400","432000","Tue Jan 19 10:25:20 PST 2021","","","3CN4LGXD5XOORKKB83TG1KHB9FCY4D","A1LGQEL2Z68DBP","Submitted","Wed Jan 13 07:31:11 PST 2021","Wed Jan 13 07:31:46 PST 2021","Mon Jan 18 07:31:46 PST 2021","","","","35","0% (0/0)","0% (0/0)","0% (0/0)","dist","{'amount': {'num': 5}, 'param': {'dist': 4}}","relation","http://dbpedia.org/ontology/editing","http://dbpedia.org/ontology/cinematography","http://dbpedia.org/resource/Night_Flight_(2014_film)","http://dbpedia.org/ontology/editing","http://dbpedia.org/resource/Leesong_Hee-il","http://dbpedia.org/resource/Night_Flight_(2014_film)","http://dbpedia.org/ontology/cinematography","http://dbpedia.org/resource/Leesong_Hee-il","Night Flight (2014 film)","cinematography","Leesong Hee-il","2-2-2","iie","Night Flight (2014 film)","editing","Leesong Hee-il","iie","Could be confused","false","false","true","3.5"
"32PT7WK7DMFXPT8NMRWHPAKOD86D3U","3KBQBQZF89BQO3IGU773XS79F4HPAN","Movie data quality rating","You see statements about movies and their industry context and have to rate how correct they are","movies, films, actors, correctness, rate, easy, survey, quick, brief","$0.00","Tue Jan 12 10:25:20 PST 2021","3","BatchId:305480;OriginalHitTemplateId:921587278;","5400","432000","Tue Jan 19 10:25:20 PST 2021","","","3NLZY2D53PPBGQ0ANLB3AFGKWSQQLV","A1LGQEL2Z68DBP","Submitted","Wed Jan 13 07:50:58 PST 2021","Wed Jan 13 07:51:49 PST 2021","Mon Jan 18 07:51:49 PST 2021","","","","51","0% (0/0)","0% (0/0)","0% (0/0)","dist","{'amount': {'num': 5}, 'param': {'dist': 4}}","relation","http://dbpedia.org/ontology/designer","http://dbpedia.org/ontology/director","http://dbpedia.org/resource/Daytona_USA_(video_game)","http://dbpedia.org/ontology/designer","http://dbpedia.org/resource/Toshihiro_Nagoshi","http://dbpedia.org/resource/Daytona_USA_(video_game)","http://dbpedia.org/ontology/director","http://dbpedia.org/resource/Toshihiro_Nagoshi","Daytona USA (video game)","director","Toshihiro Nagoshi","4-2-4","tih","Daytona USA (video game)","designer","Toshihiro Nagoshi","tih","Could be confused","false","false","true","3"
"3JVP4ZJHDPSIGCPCVIF9E92U21UI06","3KBQBQZF89BQO3IGU773XS79F4HPAN","Movie data quality rating","You see statements about movies and their industry context and have to rate how correct they are","movies, films, actors, correctness, rate, easy, survey, quick, brief","$0.00","Tue Jan 12 10:25:20 PST 2021","3","BatchId:305480;OriginalHitTemplateId:921587278;","5400","432000","Tue Jan 19 10:25:20 PST 2021","","","3TXMY6UCAEOIDM64A8I47WQX2JCQCF","A1LGQEL2Z68DBP","Submitted","Wed Jan 13 07:33:58 PST 2021","Wed Jan 13 07:35:00 PST 2021","Mon Jan 18 07:35:00 PST 2021","","","","62","0% (0/0)","0% (0/0)","0% (0/0)","dist","{'amount': {'num': 5}, 'param': {'dist': 4}}","relation","http://dbpedia.org/property/voiceActor(allUnc.)_","http://dbpedia.org/ontology/director","http://dbpedia.org/resource/Fraidy_Cat_(film)","http://dbpedia.org/property/voiceActor(allUnc.)_","http://dbpedia.org/resource/William_Hanna","http://dbpedia.org/resource/Fraidy_Cat_(film)","http://dbpedia.org/ontology/director","http://dbpedia.org/resource/William_Hanna","Fraidy Cat (film)","director","William Hanna","1-3-1","FrW","Fraidy Cat (film)","voiceActor(allUnc.)","William Hanna","FrW","Too distinct descriptions","true","false","false","1.5"
"31JUPBOORN42O22LBPP1Z4042308LX","3KBQBQZF89BQO3IGU773XS79F4HPAN","Movie data quality rating","You see statements about movies and their industry context and have to rate how correct they are","movies, films, actors, correctness, rate, easy, survey, quick, brief","$0.00","Tue Jan 12 10:25:20 PST 2021","3","BatchId:305480;OriginalHitTemplateId:921587278;","5400","432000","Tue Jan 19 10:25:20 PST 2021","","","39GXDJN2OTE86RC8FVW9BXTMTK6V88","A1LGQEL2Z68DBP","Submitted","Wed Jan 13 07:11:16 PST 2021","Wed Jan 13 07:12:26 PST 2021","Mon Jan 18 07:12:26 PST 2021","","","","70","0% (0/0)","0% (0/0)","0% (0/0)","dist","{'amount': {'num': 5}, 'param': {'dist': 4}}","relation","http://dbpedia.org/ontology/developer","http://dbpedia.org/ontology/writer","http://dbpedia.org/resource/Street_Fighter:_Assassin's_Fist","http://dbpedia.org/ontology/developer","http://dbpedia.org/resource/Joey_Ansah","http://dbpedia.org/resource/Street_Fighter:_Assassin's_Fist","http://dbpedia.org/ontology/writer","http://dbpedia.org/resource/Joey_Ansah","Street Fighter: Assassin's Fist","writer","Joey Ansah","2-2-4","try","Street Fighter: Assassin's Fist","developer","Joey Ansah","try","Medium confusable descriptions","false","false","true","3"
"3IH9TRB0FBZIN1AUR1J9SEL47T0I19","3KBQBQZF89BQO3IGU773XS79F4HPAN","Movie data quality rating","You see statements about movies and their industry context and have to rate how correct they are","movies, films, actors, correctness, rate, easy, survey, quick, brief","$0.00","Tue Jan 12 10:25:20 PST 2021","3","BatchId:305480;OriginalHitTemplateId:921587278;","5400","432000","Tue Jan 19 10:25:20 PST 2021","","","3Y4W8Q93LZKKNM8ZW37PXP7N4B3VDE","A1LGQEL2Z68DBP","Submitted","Wed Jan 13 07:18:27 PST 2021","Wed Jan 13 07:19:07 PST 2021","Mon Jan 18 07:19:07 PST 2021","","","","40","0% (0/0)","0% (0/0)","0% (0/0)","dist","{'amount': {'num': 5}, 'param': {'dist': 4}}","relation","http://dbpedia.org/property/backgroundArtist","http://dbpedia.org/property/voiceActor","http://dbpedia.org/resource/Looney_Tunes","http://dbpedia.org/property/backgroundArtist","http://dbpedia.org/resource/Warner_Bros._Cartoons","http://dbpedia.org/resource/Looney_Tunes","http://dbpedia.org/property/voiceActor","http://dbpedia.org/resource/Warner_Bros._Cartoons","Looney Tunes","voiceActor","Warner Bros. Cartoons","1-1-2","Lva","Looney Tunes","backgroundArtist","Warner Bros. Cartoons","Lva","Too distinct descriptions","true","false","false","2.5"
"3TL87MO8CMPB3HC8J3V79WHQP7DFLL","3KBQBQZF89BQO3IGU773XS79F4HPAN","Movie data quality rating","You see statements about movies and their industry context and have to rate how correct they are","movies, films, actors, correctness, rate, easy, survey, quick, brief","$0.00","Tue Jan 12 10:25:20 PST 2021","3","BatchId:305480;OriginalHitTemplateId:921587278;","5400","432000","Tue Jan 19 10:25:20 PST 2021","","","3TESA3PJ31A41TK3V451TJB4MWJMM6","A1LGQEL2Z68DBP","Submitted","Wed Jan 13 07:13:22 PST 2021","Wed Jan 13 07:14:31 PST 2021","Mon Jan 18 07:14:31 PST 2021","","","","69","0% (0/0)","0% (0/0)","0% (0/0)","dist","{'amount': {'num': 5}, 'param': {'dist': 5}}","relation","http://dbpedia.org/ontology/editing","http://dbpedia.org/ontology/starring","http://dbpedia.org/resource/Earth_Days","http://dbpedia.org/ontology/editing","http://dbpedia.org/resource/Robert_Stone_(director)","http://dbpedia.org/resource/Earth_Days","http://dbpedia.org/ontology/starring","http://dbpedia.org/resource/Robert_Stone_(director)","Earth Days","starring","Robert Stone (director)","1-4-2","Ero","Earth Days","editing","Robert Stone (director)","Ero","Distinct descriptions","true","false","false","2"
"3FBEFUUYRK5YO5STLJ3D6CO22WB6AR","3KBQBQZF89BQO3IGU773XS79F4HPAN","Movie data quality rating","You see statements about movies and their industry context and have to rate how correct they are","movies, films, actors, correctness, rate, easy, survey, quick, brief","$0.00","Tue Jan 12 10:25:20 PST 2021","3","BatchId:305480;OriginalHitTemplateId:921587278;","5400","432000","Tue Jan 19 10:25:20 PST 2021","","","3B4YI393V9WAXJADZYX9H19G6AJSS0","A1LGQEL2Z68DBP","Submitted","Wed Jan 13 07:32:32 PST 2021","Wed Jan 13 07:33:20 PST 2021","Mon Jan 18 07:33:20 PST 2021","","","","48","0% (0/0)","0% (0/0)","0% (0/0)","dist","{'amount': {'num': 5}, 'param': {'dist': 5}}","relation","http://dbpedia.org/ontology/designer","http://dbpedia.org/ontology/editing","http://dbpedia.org/resource/Drawn_to_Life:_The_Next_Chapter","http://dbpedia.org/ontology/designer","http://dbpedia.org/resource/Jeremiah_Slaczka","http://dbpedia.org/resource/Drawn_to_Life:_The_Next_Chapter","http://dbpedia.org/ontology/editing","http://dbpedia.org/resource/Jeremiah_Slaczka","Drawn to Life: The Next Chapter","editing","Jeremiah Slaczka","4-3-2","wie","Drawn to Life: The Next Chapter","designer","Jeremiah Slaczka","wie","Too distinct descriptions","true","false","false","3"
"3BS6ERDL937WMCV55TUFWDW8NZ86DT","3KBQBQZF89BQO3IGU773XS79F4HPAN","Movie data quality rating","You see statements about movies and their industry context and have to rate how correct they are","movies, films, actors, correctness, rate, easy, survey, quick, brief","$0.00","Tue Jan 12 10:25:28 PST 2021","3","BatchId:305480;OriginalHitTemplateId:921587278;","5400","432000","Tue Jan 19 10:25:28 PST 2021","","","3Y5140Z9DXGOQDRP25Z1IUYIASAPIP","A1LGQEL2Z68DBP","Submitted","Wed Jan 13 06:35:28 PST 2021","Wed Jan 13 06:43:58 PST 2021","Mon Jan 18 06:43:58 PST 2021","","","","510","0% (0/0)","0% (0/0)","0% (0/0)","dist","{'amount': {'num': 5}, 'param': {'dist': 5}}","relation","http://dbpedia.org/property/voiceActor(allUnc.)_","http://dbpedia.org/ontology/executiveProducer","http://dbpedia.org/resource/Fraidy_Cat_(film)","http://dbpedia.org/property/voiceActor(allUnc.)_","http://dbpedia.org/resource/William_Hanna","http://dbpedia.org/resource/Fraidy_Cat_(film)","http://dbpedia.org/ontology/executiveProducer","http://dbpedia.org/resource/William_Hanna","Fraidy Cat (film)","executiveProducer","William Hanna","1-3-3","Fel","Fraidy Cat (film)","voiceActor(allUnc.)","William Hanna","Fel","voice actor and executive producer are very distinct jobs","true","false","false","2"
"3KTZHH2ONIFMUKK6B1QGZHFT28Q8MZ","3KBQBQZF89BQO3IGU773XS79F4HPAN","Movie data quality rating","You see statements about movies and their industry context and have to rate how correct they are","movies, films, actors, correctness, rate, easy, survey, quick, brief","$0.00","Tue Jan 12 10:25:21 PST 2021","3","BatchId:305480;OriginalHitTemplateId:921587278;","5400","432000","Tue Jan 19 10:25:21 PST 2021","","","33CKWXB73JKA9FCP9W35PZZYQAU116","A1LGQEL2Z68DBP","Submitted","Wed Jan 13 07:55:33 PST 2021","Wed Jan 13 07:56:13 PST 2021","Mon Jan 18 07:56:13 PST 2021","","","","40","0% (0/0)","0% (0/0)","0% (0/0)","dist","{'amount': {'num': 5}, 'param': {'dist': 5}}","relation","http://dbpedia.org/ontology/developer","http://dbpedia.org/ontology/creator","http://dbpedia.org/resource/Street_Fighter:_Assassin's_Fist","http://dbpedia.org/ontology/developer","http://dbpedia.org/resource/Joey_Ansah","http://dbpedia.org/resource/Street_Fighter:_Assassin's_Fist","http://dbpedia.org/ontology/creator","http://dbpedia.org/resource/Joey_Ansah","Street Fighter: Assassin's Fist","creator","Joey Ansah","1-2-1","SrJ","Street Fighter: Assassin's Fist","developer","Joey Ansah","SrJ","Could be confused","false","false","true","3.5"
"3DIIW4IV8PVZF07DEJ2BQCS7JDAI4M","3KBQBQZF89BQO3IGU773XS79F4HPAN","Movie data quality rating","You see statements about movies and their industry context and have to rate how correct they are","movies, films, actors, correctness, rate, easy, survey, quick, brief","$0.00","Tue Jan 12 10:25:29 PST 2021","3","BatchId:305480;OriginalHitTemplateId:921587278;","5400","432000","Tue Jan 19 10:25:29 PST 2021","","","337RC3OW0523LYWR9K5DG2FSDK5VLU","A1LGQEL2Z68DBP","Submitted","Wed Jan 13 07:44:12 PST 2021","Wed Jan 13 07:44:44 PST 2021","Mon Jan 18 07:44:44 PST 2021","","","","32","0% (0/0)","0% (0/0)","0% (0/0)","dist","{'amount': {'num': 5}, 'param': {'dist': 5}}","relation","http://dbpedia.org/property/backgroundArtist","http://dbpedia.org/ontology/animator","http://dbpedia.org/resource/Looney_Tunes","http://dbpedia.org/property/backgroundArtist","http://dbpedia.org/resource/Warner_Bros._Cartoons","http://dbpedia.org/resource/Looney_Tunes","http://dbpedia.org/ontology/animator","http://dbpedia.org/resource/Warner_Bros._Cartoons","Looney Tunes","animator","Warner Bros. Cartoons","1-3-1","LiW","Looney Tunes","backgroundArtist","Warner Bros. Cartoons","LiW","Could be confused","false","false","true","4"